domain,packet_count,avg_packet_size,dns_count,context,passive_score
aaplimg.com,300,371.88,31,general,76.68
adobe.com,699,887.3,32,general,65.45
akadns.net,346,529.11,30,general,77.39
akam.net,213,519.91,28,general,77.33
akamai.net,347,295.91,46,general,79.55
akamaiedge.net,206,412.48,36,dns_heavy,76.87
amazon.com,6072,1100.07,131,general,77.16
amazonaws.com,3140,1188.56,38,general,69.91
apple-dns.net,205,424.04,34,dns_heavy,76.92
apple.com,2239,1166.79,24,general,79.03
appsflyersdk.com,257,355.73,32,general,76.61
azure.com,3653,1110.74,44,general,76.71
baidu.com,1801,782.84,69,general,78.08
bing.com,1002,873.84,40,general,77.54
bit.ly,2952,960.55,40,general,77.31
cloudflare-dns.com,1201,931.77,34,general,77.28
cloudflare.com,2804,1013.85,50,general,84.4
cloudflare.net,636,841.88,35,general,77.64
cloudfront.net,135,223.49,34,dns_heavy,76.01
digicert.com,3396,1224.51,46,general,76.18
domaincontrol.com,475,617.62,22,general,77.77
doubleclick.net,2156,877.21,90,general,77.74
dzen.ru,3474,988.23,88,general,80.92
e2ro.com,184,414.28,28,dns_heavy,76.86
edgekey.net,1079,545.38,92,general,77.67
edgesuite.net,547,423.1,42,general,76.96
facebook.com,969,689.3,65,general,78.75
fastly.net,3096,840.25,147,general,78.12
fbcdn.net,2571,1040.21,54,general,79.06
gandi.net,813,665.82,54,general,78.09
github.com,4725,1170.36,38,general,76.51
goo.gl,274,380.46,34,general,76.73
google-analytics.com,4578,1122.15,90,general,76.84
google.com,1549,872.13,50,general,76.56
googleapis.com,3200,1195.54,36,general,79.04
googledomains.com,267,357.93,16,general,76.58
googlesyndication.com,1066,885.44,26,general,77.46
googletagmanager.com,774,632.0,46,general,77.92
googleusercontent.com,233,416.55,20,general,76.85
googlevideo.com,363,375.26,40,general,77.96
gstatic.com,693,469.15,42,general,78.83
gtld-servers.net,204,329.04,18,general,78.06
gvt1.com,633,446.71,58,general,77.11
gvt2.com,183,405.25,32,dns_heavy,76.83
icloud.com,4116,1253.24,63,general,76.15
instagram.com,3675,1121.95,44,general,78.94
linkedin.com,2227,799.37,124,general,81.3
live.com,7805,1226.87,88,general,78.01
mail.ru,1140,815.19,57,general,80.53
microsoft.com,2627,864.83,148,general,79.98
microsoftonline.com,122,294.33,28,dns_heavy,76.32
msn.com,3580,1113.66,74,general,76.76
netflix.com,3668,1052.8,96,general,77.09
nginx.com,3924,816.18,252,general,78.55
nginx.org,7062,1056.18,34,general,77.2
nic.ru,3113,1041.59,58,general,77.01
ntp.org,1373,702.73,110,general,78.44
office.com,2592,873.98,139,general,80.49
office.net,357,513.97,44,general,77.35
office365.com,2140,1053.45,52,general,76.86
okcdn.ru,638,732.75,26,general,78.11
opera.com,79,191.72,4,general,75.79
pinterest.com,1952,1004.31,54,general,77.07
pv-cdn.net,149,246.54,28,dns_heavy,76.1
qq.com,341,384.54,38,general,76.76
ripn.net,336,471.06,28,general,77.12
roblox.com,3792,1130.78,75,general,76.7
root-servers.net,93,241.41,4,general,76.02
samsung.com,277,534.13,26,general,77.39
sentry.io,2228,907.81,40,general,77.49
sharepoint.com,4857,1051.56,122,general,77.26
skype.com,2510,1053.91,68,general,76.93
spotify.com,4144,959.54,128,general,77.63
tiktok.com,161,631.78,10,general,77.78
tiktokcdn.com,174,357.03,32,dns_heavy,76.61
tiktokv.com,356,341.67,13,general,76.51
trafficmanager.net,188,409.96,36,dns_heavy,76.86
twitter.com,1815,983.08,66,general,79.82
ui.com,7469,1233.73,91,general,76.58
unity3d.com,3537,1107.94,25,general,76.66
vedcdnlb.com,2377,773.05,69,general,78.17
vimeo.com,10825,1232.28,78,general,76.83
wa.me,1781,855.08,36,general,77.68
whatsapp.com,1005,907.41,22,general,77.35
whatsapp.net,1043,887.9,38,general,77.48
wikipedia.org,868,675.96,54,general,78.14
windows.com,6902,1118.13,186,general,77.28
windows.net,273,402.21,28,general,76.81
windowsupdate.com,275,351.05,15,general,76.55
wordpress.com,2931,993.03,118,general,77.36
wordpress.org,4756,1095.2,74,general,76.94
workers.dev,1772,1040.63,48,general,76.88
x.com,3746,1220.0,56,general,76.26
yahoo.com,4620,1209.12,67,general,76.4
yandex.net,1100,629.56,58,general,77.97
yandex.ru,1085,741.4,71,general,78.22
youtu.be,3553,1074.87,73,general,76.93
youtube.com,4394,1006.34,88,general,79.6
ytimg.com,172,414.03,14,general,76.82
zoom.us,14175,1185.64,160,general,77.4
000domains.com,10712,1024.5,61,general,88.84,88.84
0657.win,3719,837.3,45,general,90.0,90.0
1001oyun.io,1742,757.09,81,general,91.43,91.43
111555.pro,15896,1255.8,69,general,83.95,83.95
111y999.com,1153,915.53,42,general,87.18,87.18
12voip.com,17432,1199.01,105,general,85.04,85.04
1gvideo-terabox-videos.lat,14705,1259.69,36,general,83.94,83.94
1rokok.vip,9180,1089.79,136,general,87.67,87.67
1winbengal.com,27785,1223.89,78,general,79.97,79.97
1xbet-cx1i.top,13787,1245.36,68,general,85.03,85.03
21-shop.ru,10892,1060.96,141,general,89.07,89.07
2600hz.com,3969,975.59,153,general,88.32,88.32
2baconil.com,6043,965.95,222,general,90.22,90.22
300hu.com,626,576.29,66,general,88.86,88.86
3025.casino,6268,1203.82,30,general,82.66,82.66
3b-productions.com,4187,888.5,144,general,90.25,90.25
3simbio.ru,14316,1251.25,51,general,84.47,84.47
41jl49.cc,2202,809.09,102,general,90.71,90.71
44brjogos.com,3287,863.66,75,general,89.6,89.6
5161f3.cc,3754,908.39,84,general,88.9,88.9
587.cc,796,542.6,56,general,88.05,88.05
594983949.com,80,252.66,6,general,80.67,80.67
5cloudhost.com,16480,1176.69,147,general,86.43,86.43
686kulisbet.com,341,292.89,111,dns_heavy,82.96,82.96
7cnq.net,14857,1245.19,51,general,84.39,84.39
88864151.com,59,121.08,0,general,77.65,77.65
8btghdfgjhdf.com,199,265.81,47,dns_heavy,81.51,81.51
8jl777.com,6670,867.51,51,general,90.59,90.59
8richd.fun,14447,1172.38,98,general,86.75,86.75
8ssi.com,1203,660.51,60,general,90.9,90.9
999e666.com,339,449.61,54,dns_heavy,85.76,85.76
99club-casino-slot.com,25926,1262.13,75,general,79.83,79.83
aaa3.bet,6710,1098.45,87,general,85.89,85.89
aamu.edu,52,404.15,0,general,83.97,83.97
aaplimg.com,300,371.88,31,general,83.73,78.09
abc999.run,7272,1139.18,91,general,85.25,85.25
absvip.casino,37220,1221.23,87,high_traffic,76.32,76.32
activeherb.com,4169,813.66,159,general,92.1,92.1
adcropper.com,5582,1112.02,60,general,84.8,84.8
adobe.com,699,887.3,32,general,87.5,69.86
adphosting.eu,1721,504.0,94,general,88.02,88.02
affirmation.org,457,337.85,57,general,83.35,83.35
aftermotionz.com,1040,479.8,84,general,87.09,87.09
agb99bola.today,33706,1283.92,68,high_traffic,76.11,76.11
agentskills.io,2506,889.53,54,general,88.45,88.45
agropolit.com,793,596.6,33,general,88.98,88.98
ainewsfeed.online,1020,429.41,88,general,86.0,86.0
akadns.net,346,529.11,30,general,87.25,79.36
akam.net,213,519.91,28,general,86.97,79.26
akamai.net,347,295.91,46,general,82.23,80.09
akamaiedge.net,206,412.48,36,dns_heavy,84.66,78.43
akvaparks.lv,7898,1126.26,96,general,85.85,85.85
al-emtiaz.net,2030,851.74,78,general,89.4,89.4
algosoft.ru,5716,1077.65,30,general,85.25,85.25
allincuonline.com,2534,1058.93,69,general,84.86,84.86
allnurseryrhymes.com,876,752.76,66,general,90.99,90.99
aloyoga.co.id,14494,976.22,373,general,92.86,92.86
altimages.com,253,303.55,36,general,82.25,82.25
alzaytouna.net,897,578.38,45,general,88.76,88.76
amazon.com,6072,1100.07,131,general,86.13,78.96
amazonaws.com,3140,1188.56,38,general,81.83,72.29
ambassadorbet.rs,2399,891.14,23,general,88.0,88.0
anglehealth.com,1877,688.1,121,general,92.53,92.53
animecity.ge,1129,708.36,77,general,92.14,92.14
apadivisions.org,11887,1236.3,87,general,84.9,84.9
apifox.cn,4910,1190.02,28,general,82.39,82.39
apkmara.com,603,532.31,70,general,87.91,87.91
apnic.foundation,885,978.12,27,general,85.49,85.49
appcpi.net,264,498.77,33,general,86.58,86.58
apple-dns.net,205,424.04,34,dns_heavy,84.89,78.51
apple.com,2239,1166.79,24,general,81.78,79.58
appsflyersdk.com,257,355.73,32,general,83.36,77.96
apsny.ge,3345,730.74,166,general,93.7,93.7
araduser.com,36105,1290.33,37,high_traffic,74.62,74.62
arcadexhall.us,7175,975.71,117,general,89.18,89.18
archos.com,10769,1104.77,105,general,87.6,87.6
arcturusrx.com,9971,981.97,192,general,91.08,91.08
arroweyesolutions.com,993,689.35,59,general,91.45,91.45
as-infra.de,9664,1156.9,72,general,85.59,85.59
asanhamayesh.ir,33023,1290.4,75,high_traffic,76.32,76.32
ashishkin.ru,1788,712.59,46,general,92.02,92.02
ashuprintportal.in,7411,1128.93,69,general,85.27,85.27
asi-inter.net,21475,1284.44,57,general,80.91,80.91
asirt.org,20924,1208.32,162,general,84.11,84.11
asrmicro.com,469,334.1,57,general,83.27,83.27
astutegroup.com,11723,1095.36,217,general,89.56,89.56
audi.se,11103,1093.15,207,general,89.24,89.24
aunoa.ai,3778,686.38,177,general,93.94,93.94
aunoir.shop,706,517.52,57,general,87.47,87.47
aussui.com,1693,509.0,81,general,87.97,87.97
automattic.com,5977,944.96,190,general,90.27,90.27
autono.net,10601,1235.99,82,general,84.32,84.32
av69.pro,27651,1248.68,105,general,79.79,79.79
axa.at,566,312.45,52,general,82.77,82.77
axisemr.com,10998,1098.97,51,general,87.17,87.17
axite.app,12068,1265.4,48,general,83.85,83.85
azleks.az,780,528.49,78,general,88.0,88.0
azure.com,3653,1110.74,44,general,83.85,78.14
b-online.gr,459,315.65,51,general,82.78,82.78
babyfresh.co,33661,1240.03,268,high_traffic,79.54,79.54
babykids.fr,1075,618.93,60,general,89.92,89.92
baidu.com,1801,782.84,69,general,90.73,80.61
baleaf.com,12029,1178.28,183,general,87.42,87.42
baltimorechronicle.com,3092,942.73,75,general,87.76,87.76
bank11.de,11329,1063.8,75,general,88.38,88.38
banqup.com,2493,775.27,89,general,91.43,91.43
basspro.com,7938,1223.56,51,general,83.15,83.15
batman138oy.com,183,243.14,38,dns_heavy,80.89,80.89
bawue.com,190,280.2,48,dns_heavy,81.84,81.84
be-salt.com,5185,1139.57,57,general,83.98,83.98
beat3put.com,198,303.58,48,dns_heavy,82.37,82.37
beef-casino2.com,10786,1137.16,39,general,86.08,86.08
bellolupo.de,355,188.83,25,general,79.59,79.59
bemo-cuan-org.site,35163,1282.39,63,high_traffic,75.49,75.49
bench731.work,8064,907.06,81,general,90.64,90.64
benefactory.ru,1036,577.75,36,general,88.69,88.69
benkow.cc,43091,1265.41,45,high_traffic,72.45,72.45
beqq.net,12181,1009.11,321,general,92.61,92.61
berg.com,12888,1081.25,195,general,90.08,90.08
bestshopping.com,2218,627.33,33,general,90.24,90.24
bet559.net,5616,946.09,138,general,89.47,89.47
betplay394.com,917,645.86,54,general,90.38,90.38
better-roi.com,547,447.49,36,general,85.58,85.58
beyond-booking.com,728,673.84,66,general,91.08,91.08
bhajanlyrics.com,10965,1127.31,105,general,87.18,87.18
bhaktamar.in,207,278.57,48,dns_heavy,81.81,81.81
biathlonworld.com,3647,735.12,152,general,93.56,93.56
biblissima.fr,1248,513.51,74,general,87.8,87.8
bidonline.my,1543,907.85,87,general,88.05,88.05
bigscal.com,3852,773.7,180,general,93.12,93.12
bikepartsbd.com,9489,1172.86,81,general,85.27,85.27
bikutumutluluk.com,18122,1135.47,155,general,86.79,86.79
bila2cc.com,4555,945.63,123,general,88.87,88.87
bing.com,1002,873.84,40,general,88.02,79.64
bipt.edu.cn,1080,300.2,94,general,83.21,83.21
bit-geek.com,183,271.87,42,dns_heavy,81.58,81.58
bit.ly,2952,960.55,40,general,86.87,79.22
blacktarg.com.br,3507,735.13,217,general,94.29,94.29
blairswesternwear.com,430,379.01,60,general,84.29,84.29
bloodmallet.com,1312,739.6,69,general,91.5,91.5
bloombergsef.com,2014,791.56,79,general,90.75,90.75
bluenet.ch,1239,519.61,84,general,88.06,88.06
bmcdn7.com,12712,1263.25,51,general,84.19,84.19
bobbyfun.tw,1413,466.1,141,general,87.62,87.62
boguanchem.com,4811,1029.64,114,general,86.98,86.98
bokepbox.website,525,376.35,54,general,84.2,84.2
bomba.md,218,273.41,18,general,81.34,81.34
bomeasy.com,35097,1283.71,57,high_traffic,75.42,75.42
bomenbezorgd.nl,4380,869.3,204,general,91.49,91.49
bookmarklinx.com,16000,1255.69,48,general,83.66,83.66
boostmatrix.de,29868,1296.6,53,general,77.19,77.19
bradescoseguros.com.br,8081,1060.98,141,general,87.93,87.93
brakeburn.com,707,538.51,69,general,88.08,88.08
broadbandnepal.com.np,281,322.09,15,general,82.42,82.42
brownells.it,773,459.08,66,general,86.3,86.3
btahosting.com,1073,368.82,100,general,84.81,84.81
btmaxhost.net,3282,956.97,54,general,87.26,87.26
bungananas99oke.online,25096,1221.43,165,general,82.17,82.17
bunn.com,3101,955.95,94,general,87.69,87.69
bwotx.com,1613,592.62,92,general,89.94,89.94
bwsr.eu,3160,1183.24,35,general,81.92,81.92
cajaruraldeasturias.com,862,614.6,51,general,89.62,89.62
calecimprofessional.com,7678,787.65,414,general,94.6,94.6
capt.org.uk,8064,1147.7,81,general,85.26,85.26
caseohgames.com,3259,803.28,156,general,91.92,91.92
casindo.co.id,5704,901.16,48,general,89.41,89.41
casino-en-ligne.info,329,308.55,68,dns_heavy,82.78,82.78
casinomagiconlinebet.top,22226,1249.65,57,general,81.38,81.38
casinonest.nl,2705,849.17,99,general,89.98,89.98
cbic-gst.gov.in,28073,1206.57,60,general,80.02,80.02
cc-courts.org,1459,792.88,72,general,90.41,90.41
cci.or.jp,1192,391.65,97,general,85.34,85.34
ccs.biz,212,269.08,48,dns_heavy,81.6,81.6
cepacsilo-marseille.fr,366,415.36,24,general,84.64,84.64
charitiesnys.com,3587,985.24,102,general,87.33,87.33
charlottemotorspeedway.com,8322,954.27,285,general,92.17,92.17
chartcapture.com,2121,719.69,60,general,92.16,92.16
chatboxn.com,10037,1214.6,66,general,84.38,84.38
checkyeti.com,11207,1246.65,51,general,83.95,83.95
chej.org,568,423.7,50,general,85.23,85.23
chez-alice.fr,217,255.28,4,general,80.76,80.76
chooseyourcrush.com,7162,1053.9,89,general,87.09,87.09
chrgj.org,18312,1177.64,120,general,85.34,85.34
chrono24.com.gr,937,741.52,59,general,91.18,91.18
chroot.ro,32365,1272.98,105,high_traffic,77.34,77.34
cim.es,18909,1263.99,43,general,82.23,82.23
cim.org,6652,1043.68,153,general,87.89,87.89
cin.red,2865,739.11,159,general,93.24,93.24
citynews.ca,10703,1081.4,96,general,87.99,87.99
cixve.net,200,291.42,18,general,81.73,81.73
clashofclans.com,33841,1267.64,105,high_traffic,76.87,76.87
clearaccept.com,36542,1238.7,117,high_traffic,76.57,76.57
clicmx.vip,980,562.13,21,general,88.13,88.13
clipxhentai.com,1501,651.41,85,general,91.12,91.12
cloud-cfg.com,232,296.12,48,dns_heavy,82.22,82.22
cloudflare-dns.com,1201,931.77,34,general,86.74,79.18
cloudflare.com,2804,1013.85,50,general,85.75,84.67
cloudflare.net,636,841.88,35,general,88.53,79.82
cloudfront.net,135,223.49,34,dns_heavy,80.38,76.89
cloudglobal.com,482,364.26,47,general,83.83,83.83
cloudlane.xyz,1041,724.11,57,general,91.59,91.59
cloudsee.com,768,585.21,33,general,88.71,88.71
clubvulkan56.com,24176,1233.33,67,general,81.08,81.08
cm777.com,1456,802.51,57,general,90.01,90.01
cnops.org.ma,15476,1206.12,36,general,84.83,84.83
codeforces.com,354,351.11,34,general,83.32,83.32
codigofacilito.com,3925,1105.01,75,general,84.47,84.47
collegeadvantage.com,6964,900.44,240,general,92.27,92.27
combatironapparel.com,8923,831.23,330,general,95.15,95.15
comics-all.com,9486,1126.54,69,general,86.16,86.16
construtorarecord.com.br,14037,1219.67,107,general,85.97,85.97
conversenow.ai,4101,1106.56,60,general,84.32,84.32
corefactory.net,692,558.46,50,general,88.29,88.29
coreos.com,6015,868.89,285,general,93.14,93.14
cormacneeson.co.uk,3001,797.16,93,general,91.19,91.19
cosina.co.jp,519,354.5,50,general,83.66,83.66
costcochecks.com,536,555.04,32,general,87.93,87.93
craftnote.cloud,231,356.48,24,general,83.27,83.27
crericambi.it,454,415.17,24,general,84.67,84.67
cresdns.com,225,256.97,48,dns_heavy,81.34,81.34
ctan.es,35074,1292.36,66,high_traffic,75.34,75.34
ctcxianyu.com,287,349.34,29,general,83.2,83.2
culture.si,3280,1124.78,38,general,83.31,83.31
curuzu.net,551,323.78,44,general,82.92,82.92
dagelan4djp.one,173,250.34,48,dns_heavy,81.17,81.17
dakotahotels.co.uk,16841,1147.62,220,general,87.82,87.82
damplips.com,6295,1030.07,135,general,87.83,87.83
danas.hr,1107,504.49,90,general,87.74,87.74
daoapi.xyz,108,419.5,6,general,84.41,84.41
darkdecember.net,171,243.27,54,dns_heavy,81.08,81.08
darmiloserdiya.ru,6749,1105.0,63,general,85.46,85.46
dars-development.ru,1051,668.54,21,general,90.54,90.54
datait.fi,23501,1233.19,90,general,81.64,81.64
dataxy.fr,17368,1245.31,63,general,83.52,83.52
davidkimforca.com,15769,1212.16,78,general,85.09,85.09
dbmwebhosting.com,1106,499.74,71,general,87.4,87.4
dearlybridal.com,726,609.21,72,general,89.7,89.7
deeli.ai,37970,1245.5,102,high_traffic,75.65,75.65
deezercommunity.com,2364,919.22,48,general,87.66,87.66
deltaslot88tanah.xyz,14922,1255.31,58,general,84.22,84.22
der-wolkenspeicher.de,3228,1150.35,63,general,83.02,83.02
deucescracked.com,745,549.28,66,general,88.3,88.3
dfw65mb9.com,8005,1129.2,87,general,85.72,85.72
dgvcl.co.in,404,337.6,45,general,83.18,83.18
dialogue.net.uk,415,448.6,65,dns_heavy,85.9,85.9
diariomendoza.com.ar,35052,1285.94,63,high_traffic,75.46,75.46
digicert.com,3396,1224.51,46,general,81.23,77.19
diginame.de,325,256.11,33,general,81.18,81.18
dimins.com,12467,1098.54,174,general,89.27,89.27
dinanikolaou.gr,9216,1114.96,48,general,86.06,86.06
diplomis-o-vysshem-v-ramenskom-190.ru,640,435.04,81,general,85.89,85.89
discountcasino3.net,21651,1274.57,44,general,80.9,80.9
dlqcwh.com,24374,1296.98,48,general,79.35,79.35
dmpriest.net.uk,1184,578.38,93,general,89.46,89.46
docsign.agency,33943,1272.52,30,high_traffic,75.8,75.8
doeda-luvv.xyz,12190,1173.12,117,general,86.8,86.8
dolce-gusto.it,10809,1243.84,51,general,83.86,83.86
dolphin-anty-mirror3.org,329,372.99,18,general,83.61,83.61
domaincontrol.com,475,617.62,22,general,89.18,80.06
doodlekit.com,8940,1165.46,114,general,85.62,85.62
dotster.com,29292,1288.4,54,general,77.62,77.62
doubleclick.net,2156,877.21,90,general,89.02,80.0
dovidka.info,1615,806.29,72,general,90.17,90.17
downtowndetroit.org,519,388.74,60,general,84.55,84.55
dpy3k5.com,4148,685.75,69,general,92.76,92.76
dramabuzzs.com,209,249.54,48,dns_heavy,81.17,81.17
dressupkit.com,18919,1274.61,34,general,81.88,81.88
drive.hu,1790,861.6,78,general,89.08,89.08
drivequant.com,43786,1086.72,130,high_traffic,77.19,77.19
drizly.com,796,473.2,77,general,86.75,86.75
dsacare.com,36951,1253.8,51,high_traffic,75.26,75.26
dublikat.club,15738,1227.8,63,general,84.57,84.57
duchaige.com,1044,458.16,72,general,86.46,86.46
duntaccu-adepa.net,512,690.38,42,general,91.07,91.07
durst-group.com,3889,905.63,162,general,89.97,89.97
dzen.ru,3474,988.23,88,general,87.05,82.15
dzirkstele.lv,14078,1138.89,232,general,89.28,89.28
e-consultic.com,35442,1280.97,57,high_traffic,75.34,75.34
e-wie-einfach.de,1914,778.19,72,general,90.92,90.92
e2ro.com,184,414.28,28,dns_heavy,84.59,78.4
e431.jp,787,513.76,48,general,87.3,87.3
eaglecable.net,292,304.72,54,dns_heavy,82.51,82.51
easy-pay.in,246,255.25,57,dns_heavy,81.42,81.42
easydns.net,21069,1206.82,167,general,84.15,84.15
ecarenext.com,24297,1245.05,26,general,80.27,80.27
ecorpnet.com,9007,1218.3,54,general,83.73,83.73
edgekey.net,1079,545.38,92,general,88.66,79.87
edgesuite.net,547,423.1,42,general,85.11,78.59
edmondok.gov,140,236.32,6,general,80.33,80.33
edprodpo.com,387,421.82,42,general,85.02,85.02
educacao.mg.gov.br,9992,1187.45,81,general,85.15,85.15
eeva.fi,1955,733.26,85,general,92.1,92.1
egatekstil.com,18113,1269.6,25,general,82.21,82.21
ekepis.gr,1082,731.4,57,general,91.45,91.45
electronichouse.com,9330,1092.22,63,general,86.79,86.79
elitebookiecrew.com,32414,1250.42,51,high_traffic,77.17,77.17
embassy.si,203,229.51,43,dns_heavy,80.66,80.66
emprendedorimbatible.com,3080,830.75,111,general,90.69,90.69
empyreaneventsfw.com,574,359.9,57,general,83.89,83.89
emsnow.com,3395,1006.17,66,general,86.35,86.35
enavak.com,8580,1217.29,75,general,83.84,83.84
engagementhq.com,332,324.19,24,general,82.59,82.59
enortia.cz,386,484.34,36,general,86.34,86.34
enter.kg,580,623.11,36,general,89.52,89.52
epipi.cz,11467,1087.75,183,general,89.22,89.22
ersupalermo.it,1186,701.24,57,general,91.76,91.76
escortsdeseo.com,3817,863.46,113,general,90.28,90.28
espplus.com,6708,826.79,105,general,92.17,92.17
esuni.jp,292,332.76,54,dns_heavy,83.13,83.13
ev32.com,35826,1270.35,36,high_traffic,75.16,75.16
everumonline.ru,1051,720.01,72,general,91.87,91.87
exam4pdf.com,2567,682.04,124,general,92.71,92.71
exprpt.com,35926,1263.76,90,high_traffic,75.93,75.93
f1pro.ru,4850,938.26,89,general,88.74,88.74
fablabbcn.org,9590,1130.86,132,general,86.87,86.87
facebook.com,969,689.3,65,general,91.51,81.3
fanexpohq.com,8802,950.01,300,general,92.64,92.64
farmaciabrito.com.br,2357,666.48,162,general,92.74,92.74
fastconnect.id,1803,694.85,78,general,92.13,92.13
fastly.net,3096,840.25,147,general,90.92,80.68
fbcdn.net,2571,1040.21,54,general,85.11,80.27
featureshoot.com,11160,1100.04,211,general,89.16,89.16
feed-v2.com,3226,1132.89,33,general,83.05,83.05
feishang.net,19938,1223.01,153,general,84.07,84.07
feueron.de,1203,814.45,36,general,89.38,89.38
fielmann.cloud,519,346.66,33,general,83.28,83.28
filipinawebcams.com,9732,1177.76,68,general,85.1,85.1
findtreatment.gov,8677,1071.06,132,general,87.84,87.84
findzima.com,23747,1264.46,90,general,80.84,80.84
fingent.net,3927,658.33,57,general,91.91,91.91
fishforums.net,6873,1216.05,63,general,83.03,83.03
fitasc.com,738,400.17,57,general,84.86,84.86
fito.by,3414,1122.11,66,general,83.77,83.77
flysfo.com,3494,775.61,207,general,93.26,93.26
forbiddenhaven.com,22086,1283.06,36,general,80.44,80.44
forumromanum.com,612,573.59,57,general,88.68,88.68
forwardmovement.org,1616,590.82,93,general,89.91,89.91
foumovies4u.com,14231,1146.59,39,general,86.7,86.7
fredericton.ca,1728,865.85,72,general,88.89,88.89
fsmi.wiki,3206,1142.79,27,general,82.75,82.75
ftvlive.com,10434,954.55,180,general,91.74,91.74
ftyrqg.com,211,276.44,48,dns_heavy,81.77,81.77
fullsizebronco.com,6349,683.99,333,general,96.2,96.2
fursaw.xyz,383,282.68,33,general,81.79,81.79
futwiz.com,35756,1276.61,81,high_traffic,75.6,75.6
gac.ru,25148,1201.84,48,general,81.16,81.16
gamecore.com,1923,919.71,66,general,87.69,87.69
gandi.net,813,665.82,54,general,90.79,80.63
gapsc.com,648,277.57,75,general,82.3,82.3
garasiseru.life,9337,1244.71,36,general,83.06,83.06
gatesfx.com,2266,875.51,72,general,88.89,88.89
gaziyd.com,779,421.82,59,general,85.38,85.38
gazzettino.it,4414,977.33,201,general,89.05,89.05
gentside.com,2173,846.55,135,general,90.26,90.26
gereedschapcentrum.nl,3045,782.2,124,general,91.92,91.92
get.cm,486,414.36,36,general,84.82,84.82
getblogs.net,35287,1284.28,63,high_traffic,75.4,75.4
getusinfo.com,342,340.64,24,general,82.96,82.96
giochistars.it,3830,809.53,240,general,93.04,93.04
git.gay,10361,1207.87,43,general,84.38,84.38
github.com,4725,1170.36,38,general,82.88,77.79
givelively.org,1109,557.59,81,general,88.82,88.82
glasshallmark.com,3462,623.83,201,general,92.71,92.71
glb-ru.info,1003,798.8,66,general,90.02,90.02
global.network,882,340.89,84,general,83.92,83.92
globalparachem.in,755,511.4,69,general,87.49,87.49
globalyo.com,20082,1276.52,66,general,81.76,81.76
glowecho.cc,13057,1108.93,112,general,88.52,88.52
gofruits.co,142,278.95,18,general,81.43,81.43
gogo.gs,12349,1073.06,219,general,90.34,90.34
gomaji.com,10172,1024.6,201,general,90.32,90.32
goo.gl,274,380.46,34,general,83.95,78.17
google-analytics.com,4578,1122.15,90,general,84.53,78.38
google.com,1549,872.13,50,general,88.4,78.93
google.ng,10281,1079.76,81,general,87.67,87.67
googleapis.com,3200,1195.54,36,general,81.68,79.56
googledomains.com,267,357.93,16,general,83.22,77.91
googlesyndication.com,1066,885.44,26,general,87.62,79.49
googletagmanager.com,774,632.0,46,general,89.92,80.32
googleusercontent.com,233,416.55,20,general,84.57,78.39
googlevideo.com,363,375.26,40,general,83.94,79.15
goxbet41.com,8388,1186.11,78,general,84.5,84.5
gpvn.ru,15267,1166.95,156,general,87.25,87.25
grameen.tech,249,284.08,48,dns_heavy,81.95,81.95
granit-parts.nl,554,427.19,51,general,85.31,85.31
greenmedinfo.com,11165,1220.59,65,general,84.69,84.69
grip6.com,3739,729.17,206,general,94.38,94.38
grizly.sk,2217,829.2,52,general,89.66,89.66
growmybusiness.me,1267,552.54,74,general,88.68,88.68
gstatic.com,693,469.15,42,general,86.2,80.3
gtcie.com,7964,1226.7,63,general,83.23,83.23
gtld-servers.net,204,329.04,18,general,82.58,78.97
guadalajarasecreta.com,1261,700.81,77,general,92.03,92.03
guidewire.com,1800,663.99,117,general,91.91,91.91
gulfwalkin.com,16567,1125.04,165,general,87.77,87.77
gvt1.com,633,446.71,58,general,85.87,78.86
gvt2.com,183,405.25,32,dns_heavy,84.44,78.35
h2foz.com.br,34846,1289.73,57,high_traffic,75.38,75.38
hamilton.net,2141,926.29,90,general,87.92,87.92
hanadonya.com,5062,863.8,156,general,91.3,91.3
hananude.com,1034,677.27,48,general,91.06,91.06
hanjingchina.com,933,691.07,36,general,91.18,91.18
happymag.tv,4736,716.76,357,general,95.69,95.69
happyorder.co.kr,12013,1232.51,51,general,84.6,84.6
hardonline.com.br,429,281.5,22,general,81.65,81.65
hardware.info,3811,958.65,30,general,87.14,87.14
harlothub.com,18289,1240.09,74,general,83.4,83.4
harmash.com,1304,775.54,63,general,90.62,90.62
hawahawahawa.site,28232,1227.3,156,general,80.66,80.66
hebeisaixin.com,272,543.55,32,general,87.57,87.57
heritageresorts.mu,2249,724.25,129,general,92.95,92.95
heyzo.com,31057,1280.84,78,high_traffic,77.37,77.37
hiddengame.id,8805,1098.58,154,general,87.54,87.54
hipertel.net,2422,901.61,96,general,88.66,88.66
hitachi-ch.co.id,184,275.18,48,dns_heavy,81.73,81.73
hitechglitz.com,1093,609.26,76,general,89.9,89.9
hmsa.com,3817,847.67,156,general,91.16,91.16
hondaskibidi.com,265,232.25,114,dns_heavy,81.61,81.61
hopa-casino.org,2119,814.51,21,general,89.57,89.57
hopevalleyfuneralservice.com,2009,620.19,105,general,90.87,90.87
hosting-online.net,241,249.41,51,dns_heavy,81.21,81.21
hostingphase.com,241,374.71,41,dns_heavy,83.89,83.89
hotelplan.co.uk,24048,1253.31,116,general,81.28,81.28
htw-berlin.de,2005,655.87,99,general,91.59,91.59
huckmagazine.com,35306,1276.01,40,high_traffic,75.3,75.3
hugobet894.com,5538,1086.98,114,general,86.0,86.0
hushpuppies-apparel.co.jp,1221,541.92,81,general,88.51,88.51
hydron.com.pl,1551,625.91,102,general,90.78,90.78
hzman.net,188,297.18,25,general,81.94,81.94
i-feel-science.com,1697,742.71,117,general,92.17,92.17
i05s5.com,3685,886.61,87,general,89.4,89.4
ichiyoshi.co.jp,317,381.93,57,dns_heavy,84.28,84.28
icims.tools,2869,817.11,144,general,91.31,91.31
icloud.com,4116,1253.24,63,general,81.08,77.14
icodrops.com,23422,1231.98,99,general,81.8,81.8
idealo.co.uk,20378,1255.1,66,general,82.12,82.12
ideiasauto.com.br,3127,739.94,123,general,92.88,92.88
idg.no,6464,1097.21,96,general,85.92,85.92
idra.org,3757,842.53,189,general,91.65,91.65
ifrn.edu.br,7257,977.37,160,general,89.7,89.7
imagenetllc.net,425,415.76,47,general,84.96,84.96
imballaggi360.com,675,614.18,66,general,89.72,89.72
impressum-recht.de,725,624.45,45,general,89.72,89.72
incentivemoda.com.br,969,666.51,66,general,91.01,91.01
indiancountrytodaymedianetwork.com,1845,623.77,109,general,90.93,90.93
indobokeptv.com,21283,1263.29,30,general,81.13,81.13
infoentrepreneurs.org,9431,1176.03,120,general,85.65,85.65
infra-host.com,180,228.6,54,dns_heavy,80.76,80.76
insidetechie.blog,1718,789.42,87,general,90.77,90.77
instagram.com,3675,1121.95,44,general,83.61,79.87
intelagree.com,4282,648.1,267,general,94.38,94.38
invoice2go.com,3043,849.89,162,general,90.87,90.87
ipchugh.com,233,281.58,48,dns_heavy,81.89,81.89
itabix.com,2242,1006.28,21,general,85.33,85.33
italferr.it,13622,1041.57,93,general,89.95,89.95
itamilchat.com,17032,1248.79,57,general,83.5,83.5
itars.eu,208,256.17,42,dns_heavy,81.24,81.24
itcast.cn,32062,1271.69,98,high_traffic,77.41,77.41
j77gift.com,3347,909.59,74,general,88.59,88.59
javtip24.org,979,564.77,48,general,88.52,88.52
jbweld.com,3679,794.29,216,general,93.03,93.03
jellysquid.me,16784,1271.17,51,general,83.03,83.03
jesus.net,477,355.42,48,general,83.64,83.64
jetgadget.xyz,161,239.58,42,dns_heavy,80.85,80.85
jfku.edu,8624,888.41,372,general,93.24,93.24
jiveservers.com,239,264.15,48,dns_heavy,81.51,81.51
jj3g45.com,5729,1086.55,78,general,85.64,85.64
jobsinlogistics.com,259,333.94,36,general,82.93,82.93
joecartoon.com,952,651.34,42,general,90.37,90.37
jojo-amp16.com,11032,1193.07,90,general,85.56,85.56
jokerfilmizle.org,634,362.94,81,general,84.27,84.27
jometalb.com,225,331.23,54,dns_heavy,83.07,83.07
joyfulaiteam.com,15027,1226.53,66,general,84.92,84.92
jsprav.ru,2647,529.11,164,general,89.81,89.81
justonemall.tw,5461,958.73,153,general,89.3,89.3
kaartenenatlassen.nl,16436,1175.78,183,general,86.91,86.91
kaiftravels.com,2181,465.6,141,general,87.92,87.92
kaufland.cz,22277,1273.53,69,general,80.97,80.97
kb-tochka.ru,7113,1081.47,141,general,87.08,87.08
kemdikbud.go.id,197,260.24,48,dns_heavy,81.4,81.4
kempertc.com,8418,1091.65,96,general,86.84,86.84
kerjain.app,10958,1099.88,105,general,87.79,87.79
kimyoung.co.kr,24527,1281.52,60,general,79.78,79.78
kippie.nl,5176,737.1,284,general,95.74,95.74
kirei-info.com,1481,684.12,72,general,91.68,91.68
kitcarson.net,2527,1033.45,93,general,85.72,85.72
knowles.com,1749,649.7,81,general,91.13,91.13
kongzhong.com,8858,1210.61,35,general,83.61,83.61
koponyeg.hu,12551,1081.59,126,general,89.1,89.1
kp40.ru,16834,1129.66,135,general,87.19,87.19
kpcc.org,4723,975.46,113,general,88.15,88.15
kuda77kribo.baby,342,250.96,114,dns_heavy,82.05,82.05
kuveytturkportfoy.com.tr,1782,840.71,69,general,89.43,89.43
lacakharga.com,10122,1110.3,243,general,88.9,88.9
lambo98.vip,6057,1039.66,105,general,87.15,87.15
lancecertoleiloes.com.br,4280,801.03,219,general,93.15,93.15
learning4you.org,472,705.14,19,general,91.1,91.1
legalaidonline.on.ca,25354,1276.97,81,general,79.8,79.8
legalbet.com,1174,539.21,75,general,88.36,88.36
legitgrails.com,6640,898.23,294,general,92.85,92.85
lennyshoe.com,817,518.09,62,general,87.58,87.58
leon238.casino,968,607.67,96,general,90.06,90.06
lets-try-this.net,32491,1283.33,75,high_traffic,76.7,76.7
leuchtturm1917.com,1185,722.97,54,general,91.64,91.64
levante.de,2734,1048.08,9,general,84.45,84.45
lewrockwell.com,3708,646.51,307,general,94.6,94.6
lexile.com,40887,1291.41,153,high_traffic,74.07,74.07
liccacastle.co.jp,2244,871.23,87,general,89.16,89.16
lichthidaubongda.vip,171,308.93,18,general,82.11,82.11
lick.com,20609,1205.87,120,general,83.78,83.78
lifelinescreening.com,7129,959.28,201,general,90.55,90.55
linkedin.com,2227,799.37,124,general,91.21,83.28
live.com,7805,1226.87,88,general,83.47,79.1
lnx.la,268,326.96,59,dns_heavy,83.05,83.05
logicsouth.com,10517,1138.33,162,general,87.45,87.45
logitechg.com.cn,15561,1130.6,240,general,88.97,88.97
loquen.top,5017,1144.14,69,general,83.96,83.96
louisvuitton.com,19203,1228.18,81,general,83.38,83.38
loveminty.fr,14637,1134.15,132,general,87.95,87.95
lovetodream.com.au,9937,920.11,345,general,93.39,93.39
ltesildenaffil.com,1074,727.82,69,general,91.67,91.67
lulusar.com,6759,807.25,225,general,94.09,94.09
luxochain.io,12649,1183.55,33,general,85.73,85.73
luxoliving.dk,11070,1129.22,145,general,87.67,87.67
lvc.edu,4923,817.06,268,general,93.65,93.65
m-habitat.fr,701,321.86,69,general,83.24,83.24
madamrock.pl,1393,739.07,54,general,91.36,91.36
madurodam.nl,10011,1112.29,120,general,87.31,87.31
magadhuniversity.ac.in,59,132.47,6,general,77.98,77.98
magayo.com,10711,1101.98,147,general,88.15,88.15
magiadabeleza.com,21561,1188.67,138,general,84.0,84.0
mahaonline.gov.in,4033,1140.53,51,general,83.42,83.42
mail.ru,1140,815.19,57,general,89.6,82.34
maminka.cz,5433,871.3,233,general,92.22,92.22
maneskin.com,905,623.76,24,general,89.52,89.52
maribacaberita.com,1510,642.33,115,general,91.28,91.28
maricopacountyparks.net,13965,1251.97,87,general,85.04,85.04
mariyammantemplekottayi.org,911,640.13,60,general,90.32,90.32
marketingmagazine.co.uk,524,359.71,61,general,83.91,83.91
masraraquelapasion.com.ar,3485,1113.06,69,general,84.04,84.04
matrimonycdn.com,229,307.13,54,dns_heavy,82.53,82.53
mcadrosp.site,390,353.67,78,dns_heavy,83.93,83.93
meatyhunks.com,2903,766.15,144,general,92.46,92.46
megazoo-shop.de,1280,672.28,78,general,91.41,91.41
meiertobler.ch,491,321.5,69,general,83.14,83.14
meijer.com,35054,1287.53,117,high_traffic,76.08,76.08
meiyou.com,29688,1274.79,57,general,77.8,77.8
melbet-casinotop10.ru,8822,1229.61,81,general,83.74,83.74
mendukuri-yashokucp.jp,9956,1067.26,121,general,88.31,88.31
mercadoclics.com,187,307.98,51,dns_heavy,82.5,82.5
mercatos.com,5022,1052.26,90,general,86.27,86.27
mercuryhq.com,16765,1254.5,93,general,83.92,83.92
meridianbet.co.tz,17827,1266.94,63,general,82.85,82.85
merries.co.id,1805,832.73,69,general,89.62,89.62
mesdns.net,158,326.08,9,general,82.38,82.38
meteork.ru,351,237.81,27,general,80.71,80.71
mfdns.com,14221,1245.02,62,general,84.78,84.78
mgt-commerce.com,37470,1250.15,81,high_traffic,75.5,75.5
microsoc.fr,541,365.96,54,general,83.98,83.98
microsoft.com,2627,864.83,148,general,90.2,82.02
microsoftonline.com,122,294.33,28,dns_heavy,81.89,77.43
minamikyushu.lg.jp,102,289.85,24,dns_heavy,81.73,81.73
mineunion.net,2038,770.67,87,general,91.32,91.32
miracle1688.xyz,18255,1108.79,105,general,86.72,86.72
missav.fans,3271,647.32,192,general,93.05,93.05
mobiletips.in,5560,1024.59,141,general,87.73,87.73
modelslab.com,4006,1073.09,102,general,85.54,85.54
modernmeadow.com,852,655.85,63,general,90.69,90.69
mohaet.com,3976,917.6,135,general,89.4,89.4
mom.me,5640,636.8,401,general,94.03,94.03
momsforliberty.org,3571,1063.65,63,general,85.1,85.1
monopus.io,2060,843.77,78,general,89.59,89.59
monsterenergy.com,1177,787.81,69,general,90.37,90.37
morgenbladet.no,861,483.78,69,general,86.92,86.92
morningchores.com,2190,770.9,102,general,91.56,91.56
movida.com.br,761,618.13,69,general,89.88,89.88
mport.info,16303,1257.12,53,general,83.56,83.56
mpoturbohoki.com,25218,1234.92,105,general,81.09,81.09
msn.co.uk,8442,965.54,195,general,90.87,90.87
msn.com,3580,1113.66,74,general,84.12,78.23
mtpkrskstate.ru,1397,868.02,63,general,88.59,88.59
muebleslafabrica.com,15769,991.22,210,general,91.63,91.63
mugshots.zone,9349,1151.8,90,general,85.8,85.8
multicraft.org,1999,864.91,90,general,89.23,89.23
murfreesborotn.gov,3953,874.35,123,general,90.22,90.22
mydome.jp,3391,1108.97,60,general,83.98,83.98
myflixer.is,612,374.69,66,general,84.34,84.34
myfoscam.org,712,450.62,42,general,85.79,85.79
mymemory.co.uk,1530,780.83,75,general,90.74,90.74
mypsyhealth.ru,1804,826.86,86,general,89.96,89.96
myquietkitchen.com,5534,989.17,153,general,88.65,88.65
mysites.nl,20076,1214.21,102,general,83.59,83.59
naghd.com,10816,1190.32,123,general,85.93,85.93
namecheap.net,370,425.31,66,dns_heavy,85.38,85.38
nameserver2.co.za,3202,1153.7,40,general,82.66,82.66
nautica.co.il,1759,827.78,69,general,89.71,89.71
nawishoghl.com,9921,1083.39,153,general,88.32,88.32
nestpit.co.uk,10344,1160.71,66,general,85.71,85.71
netflix.com,3668,1052.8,96,general,85.78,78.83
nethost.eu,1530,679.5,77,general,91.66,91.66
netpro.co.kr,17795,1097.21,119,general,87.34,87.34
netprom.ru,322,245.98,31,general,80.93,80.93
netprovider.com.au,706,686.45,19,general,90.78,90.78
newark-sherwooddc.gov.uk,3308,787.11,182,general,92.62,92.62
newl.co.tz,22273,1288.38,25,general,80.11,80.11
next.com,13690,1106.23,72,general,88.22,88.22
nextenergy.nl,4061,699.98,222,general,94.91,94.91
nginx.com,3924,816.18,252,general,93.07,81.46
nginx.org,7062,1056.18,34,general,86.33,79.03
ngn.com.tr,7606,1005.2,161,general,89.23,89.23
nic.jewelry,8336,1200.83,63,general,83.96,83.96
nic.ru,3113,1041.59,58,general,85.35,78.68
nic.sandvik,700,527.28,48,general,87.57,87.57
niva-club.net,8443,1219.25,81,general,83.81,83.81
nongamstopcasinos.org,17067,1221.78,102,general,84.64,84.64
noplatelikehome.com,804,460.6,122,dns_heavy,87.02,87.02
nordiskamuseet.se,21605,1256.93,101,general,82.01,82.01
nordstern-versicherung.de,7832,1237.48,24,general,82.47,82.47
notebook-store.com.ua,836,704.48,46,general,91.56,91.56
notepulseecho.com,5044,1100.49,93,general,85.24,85.24
nothingtech.link,29818,1254.44,106,general,78.8,78.8
novisign.com,10396,1230.27,74,general,84.27,84.27
novosoft.ru,4747,850.44,174,general,91.69,91.69
ns1.com,10939,1026.81,276,general,91.5,91.5
nsnpartsworld.com,3840,1008.03,86,general,86.73,86.73
ntp.org,1373,702.73,110,general,92.52,81.26
nu.international,204,318.86,48,dns_heavy,82.71,82.71
nunotani.co.jp,16114,1269.67,75,general,83.63,83.63
ny-onlinestore.com,282,317.71,27,general,82.46,82.46
oaiusercontent.com,269,430.31,54,dns_heavy,85.3,85.3
obi.cz,663,473.47,81,general,86.76,86.76
obivka-divana.ru,795,600.8,70,general,89.52,89.52
odigeo.com,32595,1254.59,135,high_traffic,78.03,78.03
office365.com,2140,1053.45,52,general,84.62,78.41
office.com,2592,873.98,139,general,89.87,82.37
office.net,357,513.97,44,general,87.09,79.3
offprice.ec,324,410.08,60,dns_heavy,84.95,84.95
ohrana.ua,5747,931.24,192,general,90.51,90.51
okcdn.ru,638,732.75,26,general,90.86,80.66
oke-1-ph.xyz,1850,913.27,77,general,87.94,87.94
oldamericanbroker.com,2182,778.25,84,general,91.17,91.17
oliverhume.com.au,18343,1199.42,147,general,85.17,85.17
oneburbank.com,1543,442.88,73,general,86.33,86.33
oneclearwinner.co.uk,41055,1227.51,111,high_traffic,74.92,74.92
oneclickdeveloper.com,1591,489.85,81,general,87.5,87.5
onegreen.net,11514,1121.8,81,general,87.23,87.23
online-life.online,228,283.49,48,dns_heavy,81.93,81.93
onpravaae.com,34897,1289.92,57,high_traffic,75.36,75.36
opekaweb.ru,754,450.91,33,general,85.7,85.7
openfinancial.co,7632,1076.44,171,general,87.77,87.77
opera.com,79,191.72,4,general,79.29,76.49
opera.se,1817,928.13,66,general,87.46,87.46
operadors.cat,589,637.97,48,general,90.0,90.0
oroa.com,9997,1104.17,162,general,88.0,88.0
ortorex.es,8365,1062.37,78,general,87.25,87.25
painscience.com,12006,1216.48,87,general,85.39,85.39
parkingspa.com,10109,1070.31,75,general,87.74,87.74
parsanetwork.com,35110,1283.33,69,high_traffic,75.56,75.56
pavenet.net,1124,600.61,31,general,89.17,89.17
pazmoveis.com.br,11351,1224.28,75,general,84.8,84.8
pecah11.store,716,425.44,54,general,85.38,85.38
personalize.pt,630,490.33,47,general,86.71,86.71
pervertstore.com,34111,1239.53,99,high_traffic,77.31,77.31
phototrans.pl,13710,1109.03,201,general,89.72,89.72
pinkinkbeauty.com,5143,672.78,333,general,95.46,95.46
pinkrabbit.ru,16658,970.23,90,general,90.28,90.28
pinterest.com,1952,1004.31,54,general,85.66,78.79
piplbharat.com,5076,856.07,204,general,92.06,92.06
pixeltreemedia.co.uk,1540,536.85,119,general,88.99,88.99
pkcoolgames.com,1508,759.6,21,general,90.55,90.55
planet77instan.site,9861,1069.04,128,general,88.32,88.32
planfor.es,1627,758.33,46,general,90.93,90.93
playcrey.com,19739,1250.85,117,general,83.09,83.09
playpixbet.org,2707,844.48,51,general,89.5,89.5
plmrgenesis.uk,123,231.84,36,dns_heavy,80.59,80.59
plr.ovh,206,278.67,1,general,81.24,81.24
plumedns.com,11700,1165.31,63,general,86.12,86.12
plus777.club,447,386.2,45,general,84.28,84.28
pluscbdoil.com,1655,636.76,117,general,91.24,91.24
pluxee.ph,33344,1256.01,141,high_traffic,77.77,77.77
pnl18.com,9750,1204.35,48,general,84.27,84.27
poinlautan.com,690,460.21,66,general,86.29,86.29
poiskator.su,419,313.24,51,general,82.71,82.71
pokerdom-reor.top,8918,1181.19,67,general,84.69,84.69
pokerdom-wobe.top,1289,665.27,54,general,90.97,90.97
polon-dom.ru,13127,1203.85,69,general,85.91,85.91
pomcak.com,381,379.72,11,general,83.69,83.69
porn.tattoo,15547,1273.77,51,general,83.47,83.47
porngames.tv,31171,1241.63,97,high_traffic,78.43,78.43
pornoalfa.com,1747,639.51,53,general,90.56,90.56
portalangop.co.ao,10385,1064.37,60,general,87.8,87.8
post-lnr.ru,12126,1255.53,65,general,84.3,84.3
powerplay24.in,1594,567.21,102,general,89.48,89.48
ppfly.top,927,505.81,86,general,87.65,87.65
presswizards.com,3024,760.97,120,general,92.34,92.34
privoxy.org,823,619.05,46,general,89.65,89.65
promaxonline.com,37103,1271.04,69,high_traffic,75.03,75.03
promokodoff.ru,817,764.77,21,general,90.15,90.15
prostorsombor.rs,3404,966.51,66,general,87.24,87.24
proxysql.com,628,409.51,63,general,85.09,85.09
psdtuts.com,21627,1169.93,152,general,84.56,84.56
pslgroup.com,36268,1263.1,63,high_traffic,75.48,75.48
pslhub.org,1243,652.89,81,general,91.0,91.0
ptab-benin.org,1551,458.27,95,general,86.95,86.95
ptg.org,9968,1122.89,114,general,86.99,86.99
pttogeltoto.info,292,292.5,84,dns_heavy,82.6,82.6
pubearn.com,243,277.74,53,dns_heavy,81.87,81.87
pueblos20.net,3911,646.91,252,general,94.03,94.03
pukassurfshop.com,19059,1103.72,227,general,87.99,87.99
pulpo-eipico.cloud,9430,1234.15,24,general,83.19,83.19
pv-cdn.net,149,246.54,28,dns_heavy,80.83,77.05
qq.com,341,384.54,38,general,84.11,78.23
qris711pecah.com,10028,1169.78,53,general,85.22,85.22
qualtraxcloud.com,181,260.55,48,dns_heavy,81.4,81.4
queplan.mx,15800,1188.44,87,general,85.71,85.71
quickmark.com.tw,3671,883.1,125,general,89.93,89.93
raffi777mcu.top,561,338.67,57,general,83.41,83.41
rahavard365.com,343,410.38,9,general,84.34,84.34
railbaltica.org,657,438.79,54,general,85.65,85.65
rameshwari.in,3740,812.05,150,general,91.85,91.85
rapidrad.com,8954,1039.25,102,general,88.3,88.3
raptorsrapture.com,1823,639.64,129,general,91.52,91.52
rbs6nations.com,35230,1232.99,102,high_traffic,77.04,77.04
realliferpg.de,395,287.58,18,general,81.73,81.73
regeringen.se,14177,1234.68,81,general,85.26,85.26
regione.puglia.it,8312,1162.33,63,general,84.81,84.81
remo.com,20933,1248.58,87,general,82.29,82.29
renfrewshire.gov.uk,9372,1186.08,87,general,85.0,85.0
renklidersler.com,1202,875.19,27,general,87.92,87.92
repay.tw,2341,981.41,54,general,86.33,86.33
replays.lol,20485,1230.4,96,general,82.99,82.99
retailzipline.com,1364,762.71,54,general,90.82,90.82
rev.io,5136,1043.54,177,general,87.57,87.57
ripn.net,336,471.06,28,general,85.92,78.88
rmc.gov.in,17846,1146.72,51,general,85.38,85.38
rmcpay.com,295,354.16,9,general,83.06,83.06
roblox.com,3792,1130.78,75,general,83.84,78.13
robotklass.space,376,307.38,42,general,82.45,82.45
rockandmill.ru,848,453.27,102,general,86.63,86.63
rokna.net,217,318.55,34,dns_heavy,82.54,82.54
root-servers.net,93,241.41,4,general,80.4,76.89
rostok.ee,3728,872.79,93,general,89.79,89.79
royaltotoakhlak.com,6437,1064.04,87,general,86.54,86.54
rpba.gob.ar,412,329.23,85,dns_heavy,83.48,83.48
rt-inforu.ru,315,271.92,36,general,81.56,81.56
rtpidc88bio.xyz,16039,1199.12,74,general,85.22,85.22
rtpracikcore.online,503,330.3,51,general,83.13,83.13
rubias19.red,23747,1275.24,57,general,80.2,80.2
s0cial.com,7253,1036.36,204,general,88.92,88.92
s2s.ph,196,385.26,16,general,83.8,83.8
sagaftraplans.org,7032,1097.05,102,general,86.23,86.23
sailtraininginternational.org,1213,503.25,75,general,87.57,87.57
saimukyusai-shibuyahoumu.com,6866,1000.27,216,general,89.71,89.71
sale-attestati-v-noginske-50.ru,5116,1127.3,58,general,84.24,84.24
samsung.com,277,534.13,26,general,87.29,79.37
sarawakjobs.com,7947,1218.69,69,general,83.48,83.48
sayyarh.com,2775,820.2,117,general,90.88,90.88
sbtpg.com,6231,1044.12,126,general,87.38,87.38
scentregroup.io,142,340.3,12,general,82.73,82.73
scotlnd.uk,31200,1288.78,93,high_traffic,77.32,77.32
scriborapulseplanet.com,1220,599.43,75,general,89.72,89.72
seacret.com,5902,682.52,195,general,94.93,94.93
seceidos.com,2476,920.41,58,general,87.8,87.8
sehua.buzz,1310,618.62,66,general,90.08,90.08
sentinelassam.com,9205,1047.36,207,general,89.5,89.5
sentry.io,2228,907.81,40,general,87.76,79.54
seoservicemall.com,30314,1251.55,123,high_traffic,78.87,78.87
serv.lt,9412,1132.95,108,general,86.46,86.46
servibanca.pt,211,277.5,48,dns_heavy,81.79,81.79
sex-studentki.art,2799,901.85,207,general,90.16,90.16
sexobal.love,1186,632.77,67,general,90.36,90.36
sexvaio.com,16428,1224.81,93,general,84.72,84.72
shahrsakhtafzar.com,10075,1044.74,40,general,87.87,87.87
sharepoint.com,4857,1051.56,122,general,86.61,79.13
shimogamo-jinja.or.jp,32325,972.52,99,high_traffic,84.0,84.0
shimotsuke.co.jp,5344,860.92,151,general,91.42,91.42
shipmonk.cloud,316,791.49,24,general,89.39,89.39
shoppaas.com,20573,1233.11,63,general,82.49,82.49
sibfungold.net,2721,1135.77,48,general,82.96,82.96
sigmasoft.ro,13236,1171.5,38,general,86.3,86.3
simpledot.com.br,3977,1035.86,93,general,86.25,86.25
sinarsentosaprimatama.com,401,459.77,33,general,85.76,85.76
skillrush.icu,368,425.96,60,dns_heavy,85.32,85.32
skycom.dk,21522,1276.76,57,general,81.06,81.06
skyflowapis-preview.com,430,358.51,75,dns_heavy,84.02,84.02
skype.com,2510,1053.91,68,general,84.95,78.53
skyzone.host,24637,1241.76,108,general,81.2,81.2
sla.pl,18608,1247.85,30,general,82.56,82.56
slotcarillustrated.com,1212,274.5,63,general,82.31,82.31
slottica.com,10571,1117.6,120,general,87.42,87.42
smarthdd.com,3623,1100.47,30,general,83.9,83.9
smcalia.com,284,364.89,45,dns_heavy,83.74,83.74
smemove.com,12211,1020.83,114,general,90.17,90.17
snipp.ru,14262,1121.11,93,general,87.91,87.91
softservenews.com,598,599.59,48,general,89.15,89.15
sogaz-clinic.ru,3763,1165.73,57,general,82.82,82.82
soicauvn247.net,1709,709.58,105,general,92.75,92.75
solcasino.io,1420,830.77,70,general,89.52,89.52
solstation.com,8512,1185.47,74,general,84.51,84.51
somashome.nl,847,682.4,51,general,91.13,91.13
soporcel.pt,1937,923.83,93,general,87.93,87.93
sparklingice.com,3750,866.77,276,general,92.16,92.16
spider-themes.net,1454,703.93,54,general,91.9,91.9
spinehealthmagazine.com,99,275.18,6,general,81.18,81.18
spoonflower.com,39871,1235.15,300,high_traffic,77.53,77.53
sportingbet.de,9347,796.8,190,general,94.95,94.95
spotify.com,4144,959.54,128,general,88.45,79.79
sraoss.jp,785,297.61,92,general,83.01,83.01
srlan.ru,1407,712.21,22,general,91.58,91.58
srv-acens.com,343,463.35,42,general,85.93,85.93
stackexchange.com,2315,1032.84,36,general,84.95,84.95
starfocus.online,16887,1152.95,119,general,86.46,86.46
starhome.io,998,422.53,105,general,86.04,86.04
starhub.com,11324,976.78,324,general,92.94,92.94
steirischerherbst.at,4109,977.74,60,general,87.2,87.2
storageauctions.net,1919,803.8,63,general,90.24,90.24
strategymission.net,1203,606.63,63,general,89.73,89.73
strong-pharm.shop,22324,1262.0,87,general,81.43,81.43
stuffedsuitcase.com,10658,1112.75,201,general,88.55,88.55
style-cruise.jp,8127,1203.6,69,general,83.89,83.89
sublimejobs.co.za,8930,1131.04,57,general,85.69,85.69
subra.bg,16994,1199.58,24,general,84.22,84.22
suerteovip.top,4514,946.81,112,general,88.69,88.69
summervilleresort.com.br,17404,1189.97,36,general,84.41,84.41
sunmedia.stream,4761,918.75,75,general,88.97,88.97
sw-factory.team,625,279.68,60,general,82.15,82.15
swimmeet.com,854,570.61,66,general,88.82,88.82
sxuidiebgt.net,1091,804.98,83,general,90.12,90.12
t-investlab.ru,2157,617.54,103,general,90.85,90.85
ta-da.ua,19810,1206.41,145,general,84.4,84.4
ta3lemkonline.com,8053,1211.29,63,general,83.61,83.61
tagalys.com,4500,818.79,279,general,93.58,93.58
talkgacha.com,546,600.29,33,general,88.96,88.96
tambakbetjp.one,132,170.11,29,dns_heavy,79.13,79.13
taromuseum.jp,677,682.82,42,general,90.96,90.96
tdolfindns.com,374,404.75,69,dns_heavy,84.96,84.96
teamtotality.com,3094,707.32,189,general,94.28,94.28
tecni-soft.net,955,666.54,72,general,91.08,91.08
teddy.it,15066,1223.84,96,general,85.33,85.33
tele3.eu,762,557.59,38,general,88.15,88.15
telematika.com,10910,1088.23,39,general,87.23,87.23
telemetric.dk,451,439.32,45,general,85.47,85.47
tenantmariposa.com,1090,329.81,114,general,84.12,84.12
teraren.com,9705,1198.0,81,general,84.8,84.8
terbaik21.my,605,417.68,57,general,85.19,85.19
terbit21official.online,17708,1138.09,108,general,86.32,86.32
ternium.com,11177,1191.89,109,general,85.87,85.87
testr1.com,1334,984.55,54,general,85.85,85.85
texasguntalk.com,11511,1245.12,81,general,84.48,84.48
tfmzsp.com,3287,1123.01,48,general,83.48,83.48
thailandpost.co.th,201,256.33,48,dns_heavy,81.31,81.31
thc.ro,2686,814.14,141,general,91.27,91.27
thdns.com,333,360.15,54,dns_heavy,83.76,83.76
theaxiomstores.com,847,711.71,48,general,91.68,91.68
theforge.lol,522,364.25,57,general,83.97,83.97
thehousedesigners.com,4210,833.71,216,general,92.36,92.36
theperiyarproject.com,962,707.59,54,general,91.78,91.78
theprogressnews.com,2466,623.54,201,general,92.3,92.3
thinkygames.com,1014,693.31,44,general,91.36,91.36
thirdeyetraveller.com,6239,925.5,207,general,91.02,91.02
thoughtworks.com,15917,1206.98,96,general,85.36,85.36
thrivenetworks.com,5925,826.09,336,general,93.98,93.98
thunderloungepro.com,1771,904.72,69,general,88.0,88.0
ticca.net,44,78.8,12,dns_heavy,76.85,76.85
tigerlink.me,35980,1274.38,63,high_traffic,75.34,75.34
tiktok.com,161,631.78,10,general,89.23,80.07
tiktokcdn.com,174,357.03,32,dns_heavy,83.36,77.96
tiktokv.com,356,341.67,13,general,82.86,77.78
timeinn.win,5709,874.8,120,general,90.88,90.88
timex.ph,987,572.6,105,general,89.39,89.39
titanwatches.ae,702,581.75,58,general,88.91,88.91
tomato-timer.com,23356,1285.58,59,general,80.15,80.15
tools4trade.co.uk,9603,922.26,326,general,93.44,93.44
toourguest.com,5187,925.64,138,general,89.75,89.75
total-test.ru,11340,1156.4,124,general,86.91,86.91
toyotahome.co.jp,15652,1133.28,225,general,88.69,88.69
trackgrp.com,9858,1179.46,102,general,85.53,85.53
trackitdown.net,24271,1276.56,87,general,80.32,80.32
trafficmanager.net,188,409.96,36,dns_heavy,84.6,78.4
travelfeed.com,16033,1216.91,81,general,84.91,84.91
traveligo.com,4497,1043.93,111,general,86.5,86.5
trivenetogoal.it,4119,855.82,133,general,90.82,90.82
troopwebhost.com,1894,825.45,96,general,90.15,90.15
trustytime168.io,1147,512.02,72,general,87.7,87.7
truykich2.net,629,496.46,63,general,87.04,87.04
trx-hub.com,444,309.04,45,general,82.55,82.55
tsijournals.com,25558,1256.29,84,general,80.21,80.21
ttfr.ru,4334,913.21,92,general,89.12,89.12
tunisie-telegraph.com,6730,952.32,187,general,90.38,90.38
turbospinsstation.com,3139,912.56,117,general,88.96,88.96
tvcbenin.com,22040,1213.82,126,general,83.1,83.1
tvuni.online,1117,439.23,76,general,86.11,86.11
twiends.com,833,635.02,57,general,90.14,90.14
twitter.com,1815,983.08,66,general,86.23,81.1
tylercountry.com,299,339.91,56,dns_heavy,83.32,83.32
typing.com,3126,889.92,114,general,89.42,89.42
uccuyo.edu.ar,1717,804.26,72,general,90.26,90.26
ui.com,7469,1233.73,91,general,83.22,77.91
ultratelecom.ru,178,343.28,9,general,82.77,82.77
unas.tv,12805,1159.09,51,general,86.56,86.56
unclewiener.com,5147,779.6,196,general,93.7,93.7
uni-wuerzburg.de,1980,836.67,29,general,89.12,89.12
unikiklan.com,18528,1087.17,132,general,87.42,87.42
uniquewatchguide.com,16422,1132.73,177,general,87.8,87.8
uniregistry-dns.com,257,291.94,54,dns_heavy,82.21,82.21
unity3d.com,3537,1107.94,25,general,83.64,78.06
updatingservices.net,923,659.21,63,general,90.79,90.79
uqam.ca,12165,938.8,82,general,91.6,91.6
ushla.com,10685,1096.59,188,general,88.76,88.76
utapri.com,368,330.15,30,general,82.81,82.81
uto.kz,308,412.84,29,general,84.62,84.62
vacancesbleues.fr,1725,712.87,59,general,92.14,92.14
valueciti.co.za,16231,1163.6,69,general,85.88,85.88
vedcdnlb.com,2377,773.05,69,general,91.18,80.78
vegandietary.com,9889,1054.61,212,general,89.67,89.67
veloedge.online,18153,1268.74,57,general,82.6,82.6
verbox.ru,13188,1123.25,84,general,87.91,87.91
verygood777cm.com,1003,620.39,81,general,90.18,90.18
viabtc.info,1383,901.24,51,general,87.7,87.7
viamedica.pl,2912,845.34,81,general,89.93,89.93
victory88.link,19706,1269.82,67,general,82.07,82.07
viizmltm.com,27755,1284.16,51,general,78.3,78.3
vimeo.com,10825,1232.28,78,general,84.45,78.35
visittwente.nl,1113,589.5,51,general,89.17,89.17
vistadigital.us,26093,1221.97,120,general,81.2,81.2
vmzinc.com,4431,971.46,120,general,88.2,88.2
voetbalnieuws.be,5674,638.21,504,general,92.82,92.82
vpnoverview.com,309,331.43,18,general,82.67,82.67
vpscairo.com,12495,1104.13,69,general,87.88,87.88
vulcan-vegas.art,4646,797.27,63,general,91.49,91.49
wa.me,1781,855.08,36,general,88.71,79.89
wanderbop1st.com,4614,1094.15,39,general,84.55,84.55
warmbat.nl,746,643.61,45,general,90.15,90.15
watches2u.com,15479,1117.03,36,general,86.82,86.82
wbahis363.com,670,450.98,96,general,86.44,86.44
webajans.com,6030,1132.41,73,general,84.68,84.68
webconsultas.com,26512,1273.32,48,general,79.01,79.01
weblium.com,10001,1059.5,99,general,88.23,88.23
welfareinfo.or.kr,3713,1101.72,58,general,84.25,84.25
wellnesstheories.com,891,565.58,60,general,88.65,88.65
whatsapp.com,1005,907.41,22,general,87.06,79.29
whatsapp.net,1043,887.9,38,general,87.7,79.52
whgi.net,354,416.15,48,general,84.95,84.95
widdimo.tech,234,232.8,66,dns_heavy,81.02,81.02
wikipedia.org,868,675.96,54,general,91.03,80.72
wilawlibrary.gov,2161,802.24,66,general,90.41,90.41
windows.com,6902,1118.13,186,general,86.73,79.17
windows.net,273,402.21,28,general,84.36,78.32
windowsupdate.com,275,351.05,15,general,83.06,77.85
wineinstitute.org,2517,1008.92,36,general,85.57,85.57
wizgenerator.com,6184,671.73,486,general,94.0,94.0
womeninfilm.org,937,589.54,69,general,89.31,89.31
wordpress.com,2931,993.03,118,general,87.09,79.3
wordpress.org,4756,1095.2,74,general,85.01,78.55
wordpulse360.com,1725,495.24,104,general,87.95,87.95
workers.dev,1772,1040.63,48,general,84.71,78.44
worldcafelive.com,905,601.02,54,general,89.37,89.37
wrscloudhost.com,597,632.43,54,general,89.95,89.95
wvsu.edu.ph,164,259.4,31,dns_heavy,81.16,81.16
wwf.fi,4144,687.23,195,general,94.33,94.33
wx4.top,210,288.41,36,dns_heavy,81.89,81.89
x.com,3746,1220.0,56,general,81.59,77.32
xakerplus.com,19757,1256.03,54,general,82.2,82.2
xbxwxw.net,668,576.86,30,general,88.45,88.45
xcar.com.cn,21961,1279.2,57,general,80.83,80.83
xhcopy.life,9464,1210.3,63,general,84.21,84.21
xiag.net,206,258.96,51,dns_heavy,81.41,81.41
xiaowazi.com,7624,1150.55,105,general,85.31,85.31
xjajx.com,35330,1274.08,55,high_traffic,75.51,75.51
xlwms.com,4044,954.2,93,general,88.1,88.1
xmilf.com,1630,697.14,102,general,92.4,92.4
xn--b1addcngcd6ab9a.xn--p1ai,3065,1054.1,69,general,85.18,85.18
xn--jj0bt2i8umnxa.com,1868,988.58,60,general,86.05,86.05
xnxxxxxarab.motorcycles,743,611.73,51,general,89.51,89.51
xo330.com,19653,1189.86,62,general,83.82,83.82
xs177.com,1935,655.66,98,general,91.55,91.55
xs.cn,407,324.01,48,general,82.91,82.91
xslots.io,9245,1163.16,78,general,85.35,85.35
xxibaocdn.com,6053,900.39,37,general,89.44,89.44
xxnxxxxxxhd.beauty,35494,1278.02,81,high_traffic,75.67,75.67
xxxsxs.com,10564,1231.19,54,general,84.08,84.08
yahoo.com,4620,1209.12,67,general,82.32,77.59
yandex.net,1100,629.56,58,general,90.14,80.4
yandex.ru,1085,741.4,71,general,91.39,80.85
yenisafak.com.tr,449,301.5,36,general,82.28,82.28
yl1001.com,35078,1283.97,57,high_traffic,75.42,75.42
ymcasd.org,1086,792.02,51,general,90.02,90.02
ymcdn.org,390,474.77,30,general,86.05,86.05
yosh.ai,16833,1225.54,93,general,84.54,84.54
yourapps.com.co,853,638.62,60,general,90.27,90.27
yourbestbro.site,473,274.05,39,general,81.71,81.71
youtu.be,3553,1074.87,73,general,84.96,78.54
youtube.com,4394,1006.34,88,general,87.02,81.09
ytimg.com,172,414.03,14,general,84.41,78.34
zain.com,15823,1116.32,120,general,87.72,87.72
zarsaland.ir,33602,1267.59,101,high_traffic,76.92,76.92
zgpingshu.com,3529,1100.79,45,general,84.04,84.04
zjinnova.com,70,123.07,23,dns_heavy,77.98,77.98
zoll-auktion.de,8237,1206.88,60,general,83.75,83.75
zoom.us,14175,1185.64,160,general,87.32,79.39
